{"cameraMode":{"drawMode":0,"name":"Shaded","section":"Shading Mode"},"sceneLighting":false,"audioPlay":false,"sceneViewState":{"showFog":true,"showMaterialUpdate":false,"showSkybox":false,"showFlares":true,"showImageEffects":true,"showParticleSystems":true},"in2DMode":false,"pivot":{"x":-3.379028797149658,"y":1.1479814052581788,"z":-3.653054714202881},"rotation":{"x":0.20050553977489472,"y":0.32081544399261477,"z":-0.06968788802623749,"w":0.9230483770370483},"size":6.360836505889893,"orthographic":true}